No,Title,Inventors,Applicants,Publication number,Earliest priority,IPC,CPC,Publication date,Earliest publication,Family number,first publication date,second publication date,first publication number,second publication number,first publication country,second publication country,first filing year,earliest priority year,applicant country,family_jurisdictions,family_members,IPC_Meaning,fields,first applicant,second applicant,first applicant type,second applicant type,Patent Age,patent cost,citation_numbers,citations_ipc
46,Robotic platform evaluation system,"DATCHER JARRETT R [US] 
SAAD EMAD WILLIAM [US] 
VIAN JOHN LYLE [US]",BOEING CO [US],US9310800B1,2013-07-30,['G05B19/418'],"['G05B19/418 (US)', 'G05B19/4184 (EP,US)', 'G05B2219/31484 (EP,US)', 'G05B2219/33227 (EP,US)', 'Y02P90/02 (EP,US)']",2016-04-12,2016-04-12,55643173,2016-04-12,,US9310800B1,,US,,2016,2013,US,['US'],['US9310800B1'],CONTROLLING REGULATING,"['Control Systems', 'Engineering']",BOEING CO [US],,Company - General,Unknown,12,33000,"['US7813888B2', 'US8068983B2', 'US5436444A', 'US2002120361A1', 'US2003055653A1', 'US2003093182A1', 'US6577924B1', 'US2003152261A1', 'US2003158628A1', 'US2003158629A1', 'US2003163320A1', 'US2004015265A1', 'US2004054531A1', 'US2004087152A1', 'US2004230428A1', 'US2005137747A1', 'US2005218292A1', 'US2005219114A1', 'US2005222713A1', 'US2005271279A1', 'US2006020467A1', 'US2006058920A1', 'US2006126918A1', 'US2006129275A1', 'US2006143017A1', 'US2007192910A1', 'US2007250212A1', 'US2008071540A1', 'US2008298599A1', 'US2009204395A1', 'US2009210227A1', 'US2010087954A1', 'US2010217437A1', 'US2010254539A1', 'US2011010007A1', 'US2011240382A1', 'US8170241B2', 'US2012116588A1', 'US2012130716A1', 'US2012309261A1', 'US2012316676A1', 'US2013072251A1', 'US2013094656A1']","['B64F5', 'B64F5', 'G05D1', 'G06F17', 'G06F19', 'G01C21', 'G05D3', 'A61B5', 'A61B5', 'G01P13', 'B25J5', 'B25J9', 'B25J13', 'G05B13', 'G05B19', 'G05B19', 'G06N3', 'A63H3', 'A63H11', 'B25J5', 'B25J13', 'B25J13', 'G06N3', 'G10L13', 'G10L13', 'G10L13', 'G10L13', 'G10L13', 'G10L15', 'G10L15', 'G10L15', 'G10L17', 'G10L15', 'G06N3', 'G06N3', 'G05B23', 'B25J5', 'B25J9', 'B25J13', 'B25J19', 'G05B19', 'G06N3', 'G10L13', 'G10L15', 'G10L15', 'G10L13', 'B25J13', 'G06K7', 'G06K17', 'G06N3', 'G06F13', 'G06F17', 'G06F19', 'G06N3', 'G06Q30', 'G06Q30', 'G06Q50', 'G05B19', 'A63H11', 'G10L13', 'G10L13', 'G10L13', 'G10L13', 'G10L13', 'G10L13', 'G10L13', 'G10L21', 'G10L21', 'A63H3', 'A63H11', 'A63H11', 'B25J5', 'B25J13', 'G06N3', 'G10L11', 'G01B11', 'G01C3', 'G01S15', 'G10L15', 'G10L15', 'G10L15', 'G10L15', 'G10L21', 'H04N7', 'G10L15', 'G01B11', 'H01J37', 'G10L11', 'G10L19', 'G10L21', 'G06F19', 'G06N3', 'G01J1', 'G01S1', 'G01S7', 'G01S13', 'G01S13', 'G01S1', 'G01S13', 'G01S13', 'G01S13', 'G01S13', 'G01S13', 'G01S17', 'B25J19', 'B25J5', 'B25J13', 'B25J19', 'G01S13', 'G01S13', 'G01S17', 'G06K9', 'G06K9', 'G06K9', 'G06K9', 'H04H1', 'G01C21', 'G01C21', 'G10L13', 'G10L19', 'H04H20', 'H04H20', 'H04H20', 'G06F19', 'G05B15', 'B25J13', 'G06F19', 'G10L15', 'G10L15', 'G10L15', 'G10L21', 'B25J9', 'G16H40', 'G16H70', 'G06F19', 'G10L15', 'G10L19', 'G10L25', 'H04R29', 'G10L13', 'G10L13', 'G10L13', 'G10L21', 'G10L25', 'G10L15', 'G10L15', 'H04N5', 'G06F19', 'G05B19', 'G06F7', 'G05B19', 'H04R29', 'H04B15', 'G05B19', 'B62D55', 'B62D55', 'B62D55', 'G16H40', 'H04R3', 'B25J13', 'G10L15', 'G10L15', 'A63H3', 'B25J9', 'B25J5', 'B25J19', 'H04W88', 'H03G3']"
49,REPRESENTING COLLISION EXCLUSION RELATIONSHIPS IN ROBOTIC OPERATING ENVIRONMENTS,KRAJCEVSKI PAVEL [US],INTRINSIC INNOVATION LLC [US],US2024116179A1,2022-10-11,['B25J9/16'],"['B25J9/1666 (EP,US)', 'B25J9/1671 (EP,US)', 'G05B2219/40317 (EP,US)', 'G05B2219/40476 (EP,US)', 'G06F16/2237 (US)', 'G06F9/30018 (US)', 'G06F9/30038 (US)']",2024-04-11,2024-04-11,90574743,2024-04-11,,US2024116179A1,,US,,2024,2022,US,['US'],['US2024116179A1'],HAND TOOLS PORTABLE POWER-DRIVEN TOOLS MANIPULATORS,"['Engineering', 'Robotics']",INTRINSIC INNOVATION LLC [US],,Company - General,Unknown,3,16500,"['US2010223237A1', 'US2021060779A1', 'US2022391433A1', 'US2023230484A1', 'US2023286156A1', 'US2024059317A1']","['G06F17', 'B25J9', 'B25J9', 'G06F16', 'G06F16', 'G06F16', 'G06N3', 'B60W30', 'B60W60', 'G08G1', 'B25J9', 'B60W10', 'B60W30', 'B60W30', 'B60W60']"
5,CONVERTING CONTROL AREA NETWORK DATA TO ROBOTIC OPERATING SYSTEM DATA,"GUO SHUTING [US] 
RAUT ASHWIN [US] 
LEIGHTON JOSHUA [US] 
MILLER NICK [US]",GM CRUISE HOLDINGS LLC [US],US2023007107A1,2021-06-30,"['B60R16/023', 'G05B13/02']","['B60R16/0231 (US)', 'G05B13/02 (US)', 'H04L67/12 (EP,US)', 'H04L69/325 (US)']",2023-01-05,2023-01-05,84785747,2023-01-05,,US2023007107A1,,US,,2023,2021,US,['US'],['US2023007107A1'],VEHICLES IN GENERAL,"['Engineering', 'Transportation', 'Design']",GM CRUISE HOLDINGS LLC [US],,Company - General,Unknown,4,16500,"['US2022089181A1', 'US11468285B1']","['B60W50', 'B60W60', 'G05B13', 'G05D1', 'G07C5', 'G07C5', 'H04N7', 'G01S17', 'G06F16', 'G06N3', 'G06T7', 'H04N5', 'B60W30']"
15,Multi-purpose robotic operating system and method,ANVARI MEHRAN [CA],UNIV MCMASTER [CA],"US2006149418A1 
US7979157B2",2004-07-23,['G06F19/00'],"['A61B34/20 (EP,US)', 'A61B34/35 (EP,US)', 'A61B34/37 (EP,US)', 'A61B34/70 (EP,US)', 'A61B34/74 (EP,US)', 'A61G13/10 (EP,US)', 'B25J9/1692 (EP,US)', 'A61B2034/2051 (EP,US)', 'A61B34/10 (EP,US)', 'A61B34/30 (EP,US)', 'A61B90/361 (EP,US)', 'A61B90/50 (EP,US)', 'G05B2219/40174 (EP,US)', 'G05B2219/45119 (EP,US)']","2006-07-06 
2011-07-12",2006-01-23,35696199,2006-07-06,2011-07-12,US2006149418A1,"
US7979157B2",US,"
",2006,2004,CA,"['CA', 'US']","['CA2513202A1', 'CA2513202C', 'US2006149418A1', 'US7979157B2']",COMPUTING CALCULATING OR COUNTING,"['Computer Science', 'Mathematics']",UNIV MCMASTER [CA],,University/Research Institution,Unknown,21,36000,"['US4638231A', 'US5485995A', 'US2003013949A1', 'US4644237A', 'US6195578B1', 'US4729536A', 'US2002038118A1', 'US5911036A', 'US2002082612A1', 'US2003109780A1', 'US6262863B1', 'US2002091374A1', 'US5790996A', 'US6102850A', 'US2002111713A1', 'US6441577B2', 'US5555897A', 'US5668452A', 'US2002128633A1', 'US6456684B1', 'US2003176948A1', 'US2003180697A1', 'US6804581B2', 'US6330493B1']","['B25J17', 'B25J19', 'B25J19', 'A63B69', 'A63B67', 'A63B69', 'A61B19', 'B25J9', 'B25J13', 'B25J19', 'G05B19', 'G05B19', 'A61B5', 'G01R33', 'B23Q1', 'G03B15', 'A61B6', 'A61B6', 'A61B17', 'A61B17', 'A61B19', 'A61B1', 'A61B19', 'G06F3', 'G06F3', 'A61B1', 'H04N5', 'A61B19', 'A61B19', 'G11B15', 'G11B17', 'G11B27', 'G11B27', 'A61B19', 'A61B19', 'A61B6', 'A61G13', 'A61B1', 'A61B17', 'A61B17', 'A61B17', 'A61B19', 'B25J1', 'A61B17', 'A61B17', 'A61B19', 'A61B19', 'A61B19', 'A61B17', 'A61B19', 'A61B19', 'B25J9', 'B25J9', 'A61B19', 'A61B17', 'A61B17', 'B25J19', 'H01L21', 'H01L21', 'A61B5', 'A61B17', 'A61B19', 'B25J3', 'B25J9', 'A61B5', 'A61B17', 'A61B17', 'A61B6', 'A61B6', 'A61B19', 'B25J3', 'B25J19', 'H04N13', 'A61B17', 'B25J9', 'G09B23', 'A61B19', 'A61B17', 'A61B19', 'B25J9']"
42,METHOD FOR OPERATING A COMPUTER-BASED INVENTORY OF HARDWARE MODULES OF A ROBOTIC SYSTEM,"RIEK ALFONS [DE] 
STOLL CURT-MICHAEL [DE] 
KLINGEL HANS [DE] 
AESCHLIMANN MARCEL [CH] 
MALZACH SAMUEL [CH] 
SCHMID CHRISTIAN [CH] 
BERGER CHRISTOPH [CH] 
CHAPELAT CAROLE [CH] 
WIMMER JUDITH [CH] 
ASCHWANDEN IVO [CH] 
HELMER MARTIN [CH] 
MULLER MARKUS ANDREAS [CH] 
BARMETTLER PETER [CH]",FESTO SE & CO KG [DE],"US12325128B2 
US2023070428A1",2017-10-27,"['G06Q10/06', 'B25J9/08', 'B25J9/16', 'G06Q10/0631']","['B25J19/007 (EP)', 'B25J9/08 (EP,US)', 'B25J9/1605 (US)', 'B25J9/161 (KR,US)', 'B25J9/1653 (KR,US)', 'B25J9/1661 (US)', 'B25J9/1692 (KR,US)', 'G06Q10/06311 (EP,KR,US)', 'G06Q10/0633 (EP,KR)', 'B25J9/1617 (EP)', 'G05B23/0283 (EP)', 'Y02P90/80 (EP)']","2023-03-09 
2025-06-10",2019-05-01,60190760,2023-03-09,2025-06-10,US12325128B2,"
US2023070428A1",US,"
",2023,2017,DE,"['CN', 'EP', 'KR', 'US', 'WO']","['CN111386178A', 'CN111386178B', 'EP3476545A1', 'EP3691835A1', 'KR102567103B1', 'KR20200077523A', 'US12325128B2', 'US2021178575A1', 'US2023070428A1', 'WO2019081661A1']",COMPUTING CALCULATING OR COUNTING,"['Computer Science', 'Mathematics']",FESTO SE & CO KG [DE],,Company - General,Unknown,8,28000,"['US2004073468A1', 'US7143007B2', 'US2015239127A1', 'WO2016014774A1', 'US2016176043A1', 'US9465384B1', 'WO2017149500A1', 'EP2136322A1', 'US2012150345A1', 'US2015336270A1', 'US2016346928A1', 'US2017144304A1', 'US10052763B1', 'US2018246500A1', 'US2018348742A1', 'US10372115B2']","['G06Q10', 'G06Q10', 'G08G1', 'G06FCI', 'G01M13', 'G06F11', 'G06F15', 'G06F17', 'B25J9', 'G05B13', 'B25J9', 'G05B13', 'G05B19', 'G06N3', 'B25J9', 'B25J9', 'B25J13', 'B25J9', 'G05B19', 'G05B19', 'G06Q10', 'G06F15', 'G06Q20', 'G07F19', 'G06Q10', 'G06F19', 'B25J9', 'B25J9', 'B25J9', 'G05B19', 'B25J9', 'B25J9', 'G05B19', 'G05B19', 'G05B19', 'B25J9', 'B23Q37', 'G05B19']"
37,ROBOTIC SYSTEMS AND METHODS FOR OPERATING A ROBOT,"WERTENBERGER STEVEN [US] 
WATSON THOMAS [US] 
SALLEE MATTHEW [US] 
CHURCHILL MATTHEW HENRY [US]",ABB SCHWELZ AG [CH],US2019070728A1,2017-09-05,['B25J9/16'],"['B25J9/1628 (US)', 'B25J9/1676 (EP)', 'B25J9/1697 (US)', 'B65G11/023 (EP,US)', 'B65G11/00 (US)', 'G05B2219/39102 (EP)', 'G05B2219/40425 (US)', 'G05B2219/45083 (US)']",2019-03-07,2019-03-07,65518571,2019-03-07,,US2019070728A1,,US,,2019,2017,CH,['US'],['US2019070728A1'],HAND TOOLS PORTABLE POWER-DRIVEN TOOLS MANIPULATORS,"['Engineering', 'Robotics']",ABB SCHWELZ AG [CH],,Company - General,Unknown,8,28000,"['US4508204A', 'US5127212A', 'US5170109A', 'US5227707A', 'US6050390A', 'US7313464B1', 'US8219245B2', 'US2014154036A1', 'US2014260496A1', 'US2016167227A1', 'US10040194B1', 'US2020037508A1']","['B65G11', 'B65G11', 'H05K13', 'B65B35', 'B65B39', 'B65B39', 'B25J19', 'B25J9', 'G01P15', 'G05B19', 'B25J9', 'B25J9', 'B25J19', 'B25J19', 'G05B19', 'G05B19', 'B65G11', 'B65G47', 'B65G47', 'G06F19', 'B25J19', 'B25J18', 'G05B19', 'B25J11', 'B21D22', 'B21D51', 'B65G47', 'B25J9', 'B25J9', 'B25J5', 'B25J9', 'B25J19', 'B25J19', 'B66C1', 'A01F25', 'B65B5', 'B65B7', 'B65B35', 'B65B43', 'B65B43', 'B65B63', 'B65B65']"
7,PREPARING ROBOTIC OPERATING ENVIRONMENTS FOR EXECUTION OF ROBOTIC CONTROL PLANS,RUXTON ADAM NICHOLAS [US],X DEV LLC [US],US2022043455A1,2020-08-07,['G05D1/02'],"['B25J9/1694 (US)', 'G05B19/418 (EP,US)', 'G05D1/0248 (US)', 'Y02P90/02 (EP)']",2022-02-10,2022-02-10,80113758,2022-02-10,,US2022043455A1,,US,,2022,2020,US,['US'],['US2022043455A1'],CONTROLLING REGULATING,"['Control Systems', 'Engineering']",X DEV LLC [US],,Company - General,Unknown,5,28000,"['US6301763B1', 'US2006047361A1', 'US2016314621A1', 'US2018129185A1', 'US2018349702A1']","['A01B69', 'B23P19', 'B25J9', 'B25J13', 'B25J18', 'B25J19', 'B62D1', 'G01B11', 'G05B19', 'G05B19', 'G05D1', 'B25J5', 'B25J13', 'B65G61', 'G05D1', 'G06F19', 'G02B27', 'G06F3', 'G06K9', 'G06T7', 'G06T7', 'G06T19', 'G09G5', 'A43D11', 'A43D63', 'G05B19', 'B25J9', 'B25J13', 'G06F3', 'G06K9']"
39,SYSTÈME ET PROCÉDÉ DE PRÉHENSEUR ROBOTIQUE INTELLIGENT GUIDÉ PAR IMAGERIE 3D,"TOMMY ROBIN [IN] 
KALHAPURE SWAPNIL [IN] 
M AJITH KUMAR [IN]",TATA CONSULTANCY SERVICES LTD [IN],EP3653348A1,2018-11-19,"['B25J15/00', 'B25J9/16']","['B25J15/0009 (EP)', 'B25J9/1612 (EP)', 'B25J9/1697 (EP)']",2020-05-20,2020-05-20,67145711,2020-05-20,,EP3653348A1,,EP,,2020,2018,IN,"['AU', 'EP']","['AU2019232900A1', 'AU2019232900B2', 'EP3653348A1']",HAND TOOLS PORTABLE POWER-DRIVEN TOOLS MANIPULATORS,"['Engineering', 'Robotics']",TATA CONSULTANCY SERVICES LTD [IN],,Company - Limited,Unknown,7,28500,"['IN201821043487', 'US2016059412A1']","['B25J9', 'B25J9', 'B62D57']"
34,NAVIGATION FOR A ROBOTIC WORK TOOL,"ÄRLIG ULF [SE] 
FORSMAN PÄR [SE]",HUSQVARNA AB [SE],US2022350343A1,2021-05-03,['G05D1/02'],"['A01D34/008 (EP,SE)', 'G05D1/0259 (US)', 'G05D1/0265 (EP)', 'G05D1/0278 (US)', 'G05D1/028 (EP)', 'G05D1/242 (SE)', 'G05D1/247 (SE)', 'G05D1/648 (SE)', 'G05D1/0219 (US)', 'G05D1/43 (SE)', 'G05D2105/15 (SE)', 'G05D2107/10 (SE)', 'G05D2107/23 (SE)', 'G05D2109/10 (SE)', 'G05D2111/30 (SE)']",2022-11-03,2022-11-03,81328339,2022-11-03,,US2022350343A1,,US,,2022,2021,SE,"['EP', 'SE', 'US']","['EP4085745A1', 'EP4085745B1', 'EP4491003A2', 'EP4491003A3', 'SE2150560A1', 'SE2250506A1', 'SE545472C2', 'SE545830C2', 'US2022350343A1']",CONTROLLING REGULATING,"['Control Systems', 'Engineering']",HUSQVARNA AB [SE],,Individual Inventor,Unknown,4,16500,"['US8364309B1', 'US2015006015A1', 'US2016174459A1', 'US2019021224A1', 'US2019265724A1', 'US2020042011A1', 'US2021271238A1', 'US11153503B1', 'US11241791B1', 'US2022167553A1']","['G06F19', 'B60L50', 'G05D1', 'A01D34', 'B25J5', 'B25J9', 'B25J9', 'G05D1', 'A01D34', 'G05B15', 'A01D34', 'G01S15', 'G05D1', 'G05D1', 'A01D34', 'G05D1', 'B60W60', 'G05D1', 'G05D1', 'H01Q1', 'H01Q3', 'G05D3', 'G06T7', 'G06V10', 'G08B25', 'G08G5', 'H04N5', 'H04N5', 'H04N7', 'B25J9', 'B25J11', 'B25J19', 'G06F17', 'A01D34', 'G05D1', 'G05D1']"
19,Robotic Arm System,"HART BRIAN T [US] 
DERUIJTER MISCHA [US]",BLACK I ROBOTICS INC [US],US2023302633A1,2022-03-24,"['B25J19/00', 'B25J19/04', 'B25J9/14', 'B25J9/16']","['B25J19/005 (EP,US)', 'B25J19/04 (US)', 'B25J5/007 (EP)', 'B25J9/046 (EP)', 'B25J9/14 (EP,US)', 'B25J9/162 (US)', 'B65G47/904 (EP)', 'B65G47/915 (EP)', 'G05B2219/40298 (EP)']",2023-09-28,2023-09-28,88095062,2023-09-28,,US2023302633A1,,US,,2023,2022,US,['US'],['US2023302633A1'],HAND TOOLS PORTABLE POWER-DRIVEN TOOLS MANIPULATORS,"['Engineering', 'Robotics']",BLACK I ROBOTICS INC [US],,Company - Incorporated/Corporation,Unknown,3,16500,"['US4808058A', 'US9193065B2', 'US2016346922A1', 'US2020172339A1', 'US2020316786A1', 'US2020375093A1', 'US2022183209A1', 'US11407118B1', 'US2023205292A1', 'US2023330872A1', 'US12117532B1']","['B60K1', 'B60P1', 'B60S5', 'B62B3', 'B25J5', 'B25J19', 'G05B19', 'G05D1', 'H02J7', 'B25J9', 'H02J7', 'B25J5', 'B25J9', 'B25J13', 'B25J15', 'B60L53', 'B65G1', 'B65G1', 'G05D1', 'G05D1', 'B25J9', 'B25J13', 'B25J13', 'A01D34', 'A01D34', 'B60W60', 'G05D1', 'H04B3', 'A01B39', 'A01B69', 'G05D1', 'B25J5', 'B25J9', 'B25J9', 'B25J11', 'B25J15', 'B25J19', 'B25J19', 'G06F1', 'B25J9', 'B25J19', 'G01S19', 'G01S19']"
22,ROBOTIC TOOL AND METHOD OF OPERATING,"DIANKOV ROSEN NIKOLAEV 
MATSUOKA SHINTARO 
MIZOGUCHI HIROGO",GRAZING AND NOWADAYS SCIENCE AND TECH,"CN114683299A 
CN114683299B",2020-11-05,"['B25J11/00', 'B25J15/02', 'B25J9/16', 'B65G1/04', 'B65G37/00', 'B65G43/00', 'B65G47/90', 'B65G47/91', 'B65G67/02']","['B25J11/00 (CN)', 'B25J15/02 (CN)', 'B25J9/161 (CN)', 'B25J9/1679 (CN)', 'B65G1/04 (CN)', 'B65G37/00 (CN)', 'B65G43/00 (CN)', 'B65G47/902 (CN)', 'B65G47/91 (CN)', 'B65G67/02 (CN)']","2022-07-01 
2023-12-29",2022-07-01,82156262,2022-07-01,2023-12-29,CN114683299A,"
CN114683299B",CN,"
",2022,2020,,"['CN', 'JP', 'US', 'WO']","['CN114683299A', 'CN114683299B', 'CN114746224A', 'JP2022550502A', 'JP2023018122A', 'JP7191354B2', 'US11981518B2', 'US12280967B2', 'US2022135346A1', 'US2025026589A1', 'WO2022098706A1']",HAND TOOLS PORTABLE POWER-DRIVEN TOOLS MANIPULATORS,"['Engineering', 'Robotics']",GRAZING AND NOWADAYS SCIENCE AND TECH,,Technology Company,Unknown,5,17000,"['JPH08174389A', 'JP2006309577A', 'US2007282475A1', 'US2016221187A1', 'CN108241336A', 'CN110494258A', 'US2020030977A1', 'CN111699501A']","['B23Q15', 'B23Q41', 'B65G61', 'G05B19', 'G06Q50', 'G06Q50', 'G05B19', 'G06Q50', 'G06Q50', 'G06F19', 'B25J9', 'B25J9', 'B25J19', 'G05B19', 'B25J9', 'G05B19', 'B25J9', 'B65G47', 'B25J9', 'B65G61', 'B65G67', 'G06Q10', 'G06Q10']"
9,USER SELECTION OF ROBOTIC SYSTEM OPERATING MODES USING MODE DISTINGUISHING OPERATOR ACTIONS,"DIOLAITI NICOLA [US] 
GOMEZ DANIEL H [US] 
MITRA PROBAL [US] 
MUSTUFA TABISH [US]",INTUITIVE SURGICAL OPERATIONS [US],"US2013211590A1 
US9586323B2",2012-02-15,"['B25J13/06', 'A61B34/00', 'A61B34/30', 'B25J9/16', 'A61B17/00']","['A61B34/25 (CN,US)', 'A61B34/30 (EP,CN,KR,US)', 'A61B34/32 (KR)', 'A61B34/35 (CN,US)', 'A61B34/37 (EP,CN,KR,US)', 'A61B34/74 (KR)', 'A61B34/76 (EP,CN,KR,US)', 'A61B90/361 (EP,CN,KR,US)', 'B25J13/04 (CN,US)', 'B25J13/06 (CN,US)', 'B25J13/065 (CN,KR,US)', 'B25J19/023 (KR)', 'B25J9/1689 (EP,CN,KR,US)', 'A61B2017/00199 (KR)', 'A61B2017/00207 (EP,CN,KR,US)', 'A61B2017/00973 (CN,KR,US)', 'A61B2034/302 (CN,KR,US)']","2013-08-15 
2017-03-07",2013-08-15,48946291,2013-08-15,2017-03-07,US2013211590A1,"
US9586323B2",US,"
",2013,2012,US,"['CN', 'EP', 'JP', 'KR', 'US', 'WO']","['CN104105577A', 'CN104105577B', 'CN107174341A', 'CN107174341B', 'CN111449756A', 'CN111449756B', 'EP2814642A1', 'EP2814642A4', 'EP2814642B1', 'EP3459694A1', 'EP3459694B1', 'EP3950237A1', 'EP3950237B1', 'JP2015508682A', 'JP2018034017A', 'JP2019072594A', 'JP6250566B2', 'JP6487019B2', 'JP6782801B2', 'KR102059496B1', 'KR102164186B1', 'KR20140126301A', 'KR20200005666A', 'US10532467B2', 'US10836045B2', 'US2013211590A1', 'US2017129108A1', 'US2020139556A1', 'US9586323B2', 'WO2013123310A1']",HAND TOOLS PORTABLE POWER-DRIVEN TOOLS MANIPULATORS,"['Engineering', 'Robotics']",INTUITIVE SURGICAL OPERATIONS [US],,Individual Inventor,Unknown,13,33000,"['US2002193908A1', 'US2006255544A1', 'US2009037033A1', 'US2009249257A1', 'US2009299524A1', 'US2009326552A1', 'US2010013775A1', 'US2010332033A1', 'US2011184558A1']","['G06N3', 'A63FCI', 'A63F9', 'A63F7', 'A63F9', 'G07F17', 'G05D1', 'G06F3', 'G05B19', 'A61B19', 'G06F3', 'G06F19', 'G05B19', 'B25J9']"
20,METHOD AND SYSTEM FOR OPERATING A ROBOTIC ARM,RIEDEL MARTIN [DE],KUKA DEUTSCHLAND GMBH [DE],"US11618165B2 
US2020276709A1",2017-10-17,"['B25J19/06', 'B25J9/16']","['B25J19/06 (US)', 'B25J9/1676 (EP,US)', 'G05B2219/40196 (EP,US)', 'G05B2219/40478 (EP,US)']","2020-09-03 
2023-04-04",2019-04-18,63857942,2020-09-03,2023-04-04,US11618165B2,"
US2020276709A1",US,"
",2020,2017,DE,"['CN', 'DE', 'EP', 'US', 'WO']","['CN111246978A', 'CN111246978B', 'DE102017009641A1', 'EP3697579A1', 'EP3697579B1', 'US11618165B2', 'US2020276709A1', 'WO2019076738A1']",HAND TOOLS PORTABLE POWER-DRIVEN TOOLS MANIPULATORS,"['Engineering', 'Robotics']",KUKA DEUTSCHLAND GMBH [DE],,Company - General,Unknown,8,28000,"['US2012182155A1', 'EP2558886B1', 'WO2016000770A1', 'US9375841B1', 'DE102015001575A1', 'US2016263752A1', 'WO2016173609A1', 'US9596451B2', 'WO2017044630A1', 'US2017120460A1', 'US2017248936A1', 'DE102017101904A1', 'US2009114053A1', 'CH701886A2', 'US2011176148A1', 'US2014067121A1', 'US2015042485A1', 'US2017087731A1', 'US2019054637A1']","['G08B21', 'F16P3', 'G01S17', 'G01V8', 'B25J9', 'B25J19', 'F16P3', 'B25J9', 'B25J19', 'B25J19', 'B25J19', 'B25J13', 'B25J19', 'B25J9', 'F16P3', 'G01S17', 'G01V8', 'H04N13', 'B25J9', 'B25J19', 'B25J19', 'B25J9', 'G08B7', 'G08B21', 'G08B31', 'B25J9', 'G05B19', 'B25J19', 'B25J18', 'B25J19', 'G09F27', 'G01B11', 'B25J9', 'G03B21', 'G08B5', 'B25J19', 'G08B5', 'B25J18', 'F16H21']"
14,ROBOTIC OPERATING TABLE AND HYBRID OPERATING SYSTEM,"SUGA KAZUNORI [JP] 
NAKANISHI TETSUYA [JP]",MEDICAROID CORP [JP],"US11045154B2 
US2018177470A1",2016-12-28,"['A61B5/00', 'A61B5/055', 'A61B6/04', 'A61G13/04', 'A61G13/06', 'A61B6/00', 'A61G13/02']","['A61B5/055 (US)', 'A61B5/704 (US)', 'A61B6/0407 (US)', 'A61B6/0487 (EP,US)', 'A61B6/4417 (EP,US)', 'A61G13/02 (EP,CN,US)', 'A61G13/04 (CN,US)', 'A61G13/06 (US)', 'A61G13/10 (CN)', 'A61G13/104 (CN)', 'B25J9/00 (CN)', 'A61B6/0442 (EP,US)', 'A61G2210/50 (EP,US)']","2018-06-28 
2021-06-29",2018-06-28,60673797,2018-06-28,2021-06-29,US11045154B2,"
US2018177470A1",US,"
",2018,2016,JP,"['CN', 'EP', 'JP', 'US']","['CN108245357A', 'CN108245357B', 'EP3342389A1', 'EP3342389B1', 'JP2018108342A', 'JP6586444B2', 'US11045154B2', 'US2018177470A1']",MEDICAL OR VETERINARY SCIENCE HYGIENE,"['Medicine', 'Biology', 'Veterinary Medicine']",MEDICAROID CORP [JP],,Company - General,Unknown,9,28000,"['WO9742876A1', 'JP2009131718A', 'US2522759A', 'US3754749A', 'US5149074A', 'US5230112A', 'US5337627A', 'US5398356A', 'US5410767A', 'US2002156365A1', 'US6502261B1', 'US6507964B1', 'US6681423B2', 'US2005234327A1', 'US2007162152A1', 'US2008301872A1', 'US2009070936A1', 'US7860550B2', 'US2011066278A1', 'US2011067946A1', 'US8126114B2', 'US8160205B2', 'US2013008276A1', 'US2013046409A1', 'US2013111666A1', 'US2013336449A1', 'US2014033432A1', 'US2014034061A1', 'US8740880B2', 'US8904582B2', 'US2015059095A1', 'US2015135438A1', 'US2015327818A1', 'US2016000620A1', 'US9326907B2', 'US2017156684A1', 'US2018085603A1']","['A61B5', 'A61B6', 'A61G13', 'A61G13', 'A61N5', 'A61N5', 'A61B5', 'A61B6', 'A61B6', 'A61G7', 'A61G13', 'A61G13', 'A61B6', 'A61G13', 'A61G13', 'A61B6', 'F16H25', 'A61B6', 'A61G13', 'A61B6', 'A61G13', 'A61B5', 'A61B10', 'A61B10', 'A61B19', 'A61B5', 'A61B6', 'A61G13', 'A61G13', 'A61N5', 'A61G7', 'A61G13', 'A61G7', 'A61G7', 'A61G13', 'A61B6', 'A61G13', 'A61G13', 'A61G13', 'A61G13', 'A61B5', 'A61B6', 'A61B6', 'A61N5', 'B66C23', 'A61F2', 'A61F2', 'A61G7', 'G01B7', 'G06F17', 'A61B6', 'A61B5', 'A61B6', 'A61B6', 'A61N5', 'A61B6', 'G05D3', 'B62D3', 'B62D5', 'A61B19', 'A61N5', 'A61B5', 'A61B6', 'A61B6', 'A61N5', 'B66C23', 'G21K5', 'B23P11', 'F16H1', 'B25J13', 'B25J18', 'H02K7', 'A61G13', 'A61N5', 'A61B6', 'A61G7', 'A61G7', 'A61G7', 'A61G13', 'A61B17', 'A61B6', 'A61G13', 'A61N5', 'A61G13', 'A61G13', 'A61B6', 'A61G13', 'A61G13', 'A61G7', 'A61G7', 'A61G7', 'A61B6', 'A61B6', 'A61G7', 'A61B6', 'A61G7', 'A61G7', 'A61B6', 'A61G13', 'A61N5']"
25,Surgical Robotic System,"GARCIA KILROY PABLO E [US] 
KOENIG KAREN S [US] 
BAJO ANDREA [US] 
WIGGERS ROBERT T [US] 
SAVALL JOAN [US] 
JOHNSON ERIC M [US]",VERB SURGICAL INC [US],"US11812924B2 
US2020138534A1",2018-11-02,"['A61B34/00', 'A61B34/20', 'A61B34/37', 'A61G13/08', 'A61G13/10', 'A61B1/00', 'A61B1/313', 'A61B17/00', 'A61B90/57']","['A61B34/20 (US)', 'A61B34/25 (EP,US)', 'A61B34/30 (EP)', 'A61B34/37 (CN,US)', 'A61B34/70 (EP,CN)', 'A61B34/72 (CN)', 'A61B34/74 (CN)', 'A61G13/04 (EP)', 'A61G13/08 (US)', 'A61G13/101 (US)', 'A61B1/00045 (US)', 'A61B1/00149 (EP)', 'A61B1/313 (US)', 'A61B2017/00199 (US)', 'A61B2017/00216 (EP)', 'A61B2017/00424 (EP)', 'A61B2034/2048 (EP)', 'A61B2034/2051 (EP)', 'A61B2034/2055 (EP)', 'A61B2034/2065 (EP)', 'A61B2034/252 (EP)', 'A61B2034/256 (EP)', 'A61B2034/258 (EP)', 'A61B2034/302 (CN)', 'A61B2090/372 (EP)', 'A61B2090/502 (EP)', 'A61B2090/571 (EP,US)']","2020-05-07 
2023-11-14",2020-05-07,70459949,2020-05-07,2023-11-14,US11812924B2,"
US2020138534A1",US,"
",2020,2018,US,"['CN', 'US', 'WO']","['CN111134849A', 'CN111134849B', 'US11812924B2', 'US12279843B2', 'US2020138534A1', 'US2024099795A1', 'WO2020092170A1']",MEDICAL OR VETERINARY SCIENCE HYGIENE,"['Medicine', 'Biology', 'Veterinary Medicine']",VERB SURGICAL INC [US],,Company - Incorporated/Corporation,Unknown,7,28000,"['US2002087169A1', 'US2009036902A1', 'US2009248036A1', 'US2014058406A1', 'CN105852972A', 'US2016338786A1', 'WO2017210500A1', 'US2017354471A1', 'US2018078034A1', 'US2009245600A1', 'US2010228264A1', 'US2011238079A1', 'US2013030571A1', 'US2016157942A1', 'US2017189127A1', 'WO2018007935A1', 'US2018078439A1']","['A61B5', 'A61B17', 'A61B19', 'B25J3', 'B25J9', 'A61B5', 'A61B17', 'A61B17', 'A61B19', 'A61B19', 'A61B19', 'A61B34', 'G06F3', 'A61B34', 'A61B34', 'A61B34', 'A61B90', 'A61B34', 'A47B21', 'A47B21', 'A47B21', 'A61B17', 'G06K9', 'H04N5', 'A61B19', 'A61B19', 'A61B3', 'A61B19', 'G06F3', 'A61B34', 'A61B17', 'A61B34', 'A61B34', 'A61B90', 'A61B34', 'A61C5', 'A61C13', 'A61B34', 'A61B34', 'A61B90', 'A61G13']"
11,ROBOTIC ARM SYSTEM,"HART BRIAN [US] 
COSGROVE MARTIN [US] 
DOWLING JAMES [US] 
HART RICHARD [US] 
MULLEY RYAN [US] 
ROCHE JONATHAN [US]",BLACK I ROBOTICS INC [US],"US12312182B2 
US2021171294A1",2019-12-04,"['B25J15/04', 'B25J17/02', 'B25J19/00', 'B25J9/02', 'B25J9/04', 'B25J9/14', 'B25J9/16', 'B65G47/91', 'B25J19/02', 'B25J9/00']","['B25J15/04 (US)', 'B25J17/02 (US)', 'B25J19/0025 (US)', 'B25J19/021 (EP,US)', 'B25J9/0009 (EP)', 'B25J9/0093 (EP,US)', 'B25J9/023 (US)', 'B25J9/04 (US)', 'B25J9/046 (EP)', 'B25J9/14 (EP,US)', 'B25J9/1697 (US)', 'B65G47/91 (US)', 'B65G61/00 (EP)', 'B25J9/162 (US)']","2021-06-10 
2025-05-27",2021-06-10,76210140,2021-06-10,2025-05-27,US12312182B2,"
US2021171294A1",US,"
",2021,2019,US,"['US', 'WO']","['US12312182B2', 'US2021171294A1', 'US2023398693A1', 'WO2021113612A1']",HAND TOOLS PORTABLE POWER-DRIVEN TOOLS MANIPULATORS,"['Engineering', 'Robotics']",BLACK I ROBOTICS INC [US],,Company - Incorporated/Corporation,Unknown,6,28000,"['US2007162174A1', 'US2010039380A1', 'US2011257786A1', 'US2012048207A1', 'US8322249B2', 'US2020182623A1', 'WO2021113612A1', 'US2022300000A1', 'US7854108B2', 'US9346160B2', 'US9827678B1', 'WO2018022265A1', 'CN207300074U', 'US10065314B2', 'US2019079532A1', 'US2019381670A1', 'US2021031361A1']","['G06F19', 'G09G5', 'H04N7', 'B25J13', 'A61G5', 'B25J17', 'B25J19', 'A01J7', 'A01K29', 'B25J18', 'G01C21', 'G05D1', 'G05D1', 'B25J9', 'B25J9', 'G05D1', 'G06K9', 'A01B69', 'A01D46', 'B25J9', 'G06F1', 'A47L11', 'A47L11', 'B25J9', 'B25J9', 'B25J11', 'B25J19', 'G06F19', 'G05D1', 'G06T1', 'G06T7', 'F42D5', 'B25J11', 'B25J5', 'B25J9', 'B25J19', 'G05D1', 'B25J11', 'G01S17', 'G01S17', 'G01S17', 'G01S17', 'G05D1', 'B25J9', 'B25J9', 'B25J15', 'B25J9', 'B25J19', 'B25J19', 'F16H1']"
45,ROBOTIC SYSTEM FOR IDENTIFYING ITEMS,"SUN ZHOUWEN [US] 
HOLMBERG ROBERT [US] 
KUMAR SHITIJ [US] 
BAEK JEESU [US] 
LI JOSEPH [US] 
RAMAKRISHNAN KISHORE RANGANATH [US] 
LOVETT ANDREW [US] 
NADER CYRIL [US] 
FARHAT FARSHID [US] 
TONDREAU III DAVID LEO [US]",DEXTERITY INC [US],"US12330872B2 
US2024140712A1",2021-04-30,"['B07C5/34', 'B07C5/36', 'B25J9/00', 'B25J9/16', 'B65G1/137', 'G06K7/10', 'G06K7/14']","['B07C5/3412 (US)', 'B07C5/36 (EP)', 'B07C5/362 (US)', 'B25J9/0093 (US)', 'B25J9/1664 (EP,US)', 'B25J9/1697 (EP)', 'B65G1/1371 (US)', 'B65G1/1376 (EP)', 'B65G1/1378 (EP)', 'G06K7/10366 (US)', 'G06K7/1413 (US)', 'B07C2501/0063 (EP,US)', 'B25J9/1689 (EP,US)', 'G05B2219/39102 (EP)', 'G05B2219/39107 (EP)', 'G05B2219/40252 (EP)']","2024-05-02 
2025-06-17",2022-11-03,83809215,2024-05-02,2025-06-17,US12330872B2,"
US2024140712A1",US,"
",2024,2021,US,"['EP', 'JP', 'TW', 'US', 'WO']","['EP4330782A1', 'EP4330782A4', 'JP2024517170A', 'TW202246027A', 'TWI851998B', 'US11905115B2', 'US12330872B2', 'US2022348409A1', 'US2024140712A1', 'WO2022231786A1']",SEPARATING SOLIDS FROM SOLIDS SORTING,"['Engineering', 'Computer Science', 'Logistics']",DEXTERITY INC [US],,Company - Incorporated/Corporation,Unknown,4,16500,"['JPH05217014A', 'JPH05303660A', 'US2013110280A1', 'US9227323B1', 'US2017121113A1', 'US2017286773A1', 'US9878349B2', 'CN108351637A', 'US10058896B2', 'CN207929579U', 'US10246258B2', 'JP2019185561A', 'US2020016746A1', 'WO2020092447A1', 'US10679379B1', 'US10696493B1', 'US2020238517A1', 'US2020238519A1', 'US2020270069A1', 'US2020346351A1', 'US2020346792A1', 'JP2020189721A', 'US2021009351A1', 'US2021056505A1', 'US11020854B2', 'US11407107B2', 'US2023271791A1', 'US2023303342A1', 'US10007827B2', 'US2020095001A1', 'US2022111420A1', 'US11905115B2']","['B25J13', 'G06K7', 'G06K7', 'G06Q30', 'G06Q50', 'G07G1', 'G06F17', 'B25J9', 'B65G47', 'B65G47', 'B65G47', 'B25J19', 'B65G61', 'B65H67', 'B25J19', 'B65G1', 'G05B19', 'B25J19', 'G05B19', 'G06K9', 'G06K9', 'G06K9', 'G06N99', 'G06Q10', 'H04N5', 'B07C1', 'B07C1', 'B25J9', 'B25J15', 'B65G47', 'B65G47', 'B65G47', 'G05B19', 'G06K7', 'B07C1', 'B07C3', 'B25J9', 'B25J15', 'B65G47', 'G06T7', 'B07C3', 'G06K17', 'B65G1', 'B65G11', 'B65G17', 'B65G21', 'B65G47', 'B65G47', 'B65G47', 'B65G47', 'B25J13', 'G06K7', 'G06K7', 'G06K7', 'G07G1', 'B25J9', 'B25J15', 'G06Q10', 'B25J9', 'B25J13', 'B65G43', 'B65G47', 'B65G61', 'G06V10', 'G06V10', 'B25J9', 'B65B57', 'B65G1', 'B65G47', 'B65G61', 'G05B17', 'G06K9', 'G06T7', 'B65B57', 'B65G47', 'G06F7', 'B25J9', 'G06T7', 'G01S17', 'B25J9', 'G01S17', 'G06T7', 'B65G47', 'B65G47', 'B65G47', 'B25J9', 'B65G1', 'B25J15', 'B65B5', 'B65B5', 'B65G47', 'B25J13', 'B25J13', 'B65G47', 'B65G47', 'B65G47', 'B65G47', 'B25J9', 'B25J9', 'B25J13', 'B25J15', 'B65G1', 'G05B19', 'G06Q10', 'B25J9', 'G05D1', 'G06Q10', 'H04W4', 'H04W4', 'H04W4', 'B25J9', 'B65G61', 'G05B19', 'G06F7', 'G06T7', 'G06T7', 'B25J5', 'B25J9', 'B25J9', 'B25J15', 'B65G57', 'B65G47', 'B65G47', 'B65G47', 'B65G47', 'B07C1', 'B25J9', 'B65G47', 'B65G47', 'B65G47', 'B25J9', 'B25J19', 'B65G1', 'G05B19', 'G06K7', 'G06K9', 'G06K19', 'G06Q10', 'B65B5', 'B65B5', 'B65B35', 'B65B57', 'B65G43', 'B65G47', 'B65G65', 'B07C1', 'B07C3', 'B07C3', 'B25J9', 'B25J13', 'B65G47', 'G06K9', 'B07C5', 'B07C5', 'B25J9', 'B25J9', 'B65G1', 'G06K7', 'G06K7']"
1,ROBOTIC SURGICAL SYSTEM FOR PERFORMING MINIMALLY INVASIVE MEDICAL PROCEDURES,RUIZ MORALES EMILIO [IT],"EURATOM [BE] 
RUIZ MORALES EMILIO [IT]","US2009024142A1 
US8506555B2",2006-02-03,['A61B19/00'],"['A61B34/30 (EP,US)', 'A61B34/35 (EP,US)', 'A61B34/37 (EP,US)', 'A61B34/71 (EP,US)', 'A61B34/76 (EP,US)', 'B25J9/04 (KR)', 'B25J9/041 (EP,BR,US)', 'A61B2017/0046 (EP,BR,US)', 'A61B2017/00477 (EP,BR,US)', 'A61B2034/305 (EP,BR,US)', 'A61B34/30 (BR)', 'A61B34/35 (BR)', 'A61B34/37 (BR)', 'A61B34/71 (BR)', 'A61B34/76 (BR)', 'A61B90/361 (EP,BR,US)']","2009-01-22 
2013-08-13",2007-08-08,36686008,2009-01-22,2013-08-13,US2009024142A1,"
US8506555B2",US,"
",2009,2006,BE,"['AT', 'BR', 'CA', 'CN', 'CY', 'DE', 'DK', 'EP', 'ES', 'JP', 'KR', 'MX', 'PL', 'PT', 'RU', 'US', 'WO']","['ATE507942T1', 'BRPI0707443A2', 'BRPI0707443B1', 'BRPI0707443B8', 'CA2635136A1', 'CA2635136C', 'CN101443162A', 'CN101443162B', 'CY1111710T1', 'DE602007014322D1', 'DK1979136T3', 'EP1815950A1', 'EP1979136A1', 'EP1979136B1', 'ES2365359T3', 'JP2009525098A', 'JP5130228B2', 'KR101375206B1', 'KR20080100212A', 'MX2008010058A', 'PL1979136T3', 'PT1979136E', 'RU2008135241A', 'RU2412800C2', 'US2009024142A1', 'US8506555B2', 'WO2007088208A1']",MEDICAL OR VETERINARY SCIENCE HYGIENE,"['Medicine', 'Biology', 'Veterinary Medicine']","EURATOM [BE] ",RUIZ MORALES EMILIO [IT],Individual Inventor,Individual Inventor,19,36000,"['US5351676A', 'US5795387A', 'US2002032452A1', 'US6436107B1', 'US6539083B1', 'US6645196B1', 'US6659939B2', 'US2005021050A1', 'US2005222554A1', 'US2006107775A1', 'US2008004632A1']","['A61B1', 'A61B19', 'B25J9', 'B25J13', 'A61B17', 'B44C7', 'A61B19', 'G06Q30', 'A61B17', 'A61B19', 'A61B19', 'A61B1', 'A61B17', 'A61B17', 'A61B17', 'A61B19', 'G07D5', 'H04M17', 'A61B19', 'A61B19', 'A61B19', 'A61B19', 'A61B8', 'A61B19', 'A61B10', 'A61B10', 'A61B17', 'A61M25', 'G01D21', 'G01M99', 'A61B19']"
35,SURGICAL ROBOTIC SYSTEM,"SHOHAM MOSHE [IL] 
ZEHAVI ELIYAHU [IL] 
BAR YOSSI [IL]",MAZOR ROBOTICS LTD [IL],US2022022981A1,2016-01-11,"['A61B34/10', 'A61B34/20', 'A61B34/30', 'A61B90/00', 'A61B90/50']","['A61B17/00234 (CN,KR)', 'A61B34/10 (US)', 'A61B34/20 (CN,KR,US)', 'A61B34/30 (EP,CN,KR,US)', 'A61B34/70 (CN)', 'A61B90/03 (CN,KR)', 'A61B90/39 (US)', 'A61B90/50 (EP,CN,KR,US)', 'A61F2/4455 (CN,US)', 'A61F2/4611 (CN,US)', 'A61B2017/00128 (CN,KR)', 'A61B2017/00694 (EP,CN,KR,US)', 'A61B2017/00699 (EP,CN,KR,US)', 'A61B2034/105 (US)', 'A61B2034/107 (US)', 'A61B2034/2055 (CN,KR,US)', 'A61B2090/064 (EP,KR,US)', 'A61B2090/571 (CN,KR)', 'A61F2002/30622 (CN,US)', 'A61F2002/4632 (CN,US)']",2022-01-27,2017-07-20,59310895,2022-01-27,,US2022022981A1,,US,,2022,2016,IL,"['CA', 'CN', 'EP', 'KR', 'US', 'WO']","['CA3011008A1', 'CN108697415A', 'CN108697415B', 'CN114098979A', 'CN114098979B', 'EP3402414A1', 'EP3402414A4', 'KR102650270B1', 'KR20180125948A', 'US11141227B2', 'US2019117320A1', 'US2022022981A1', 'WO2017122202A1']",MEDICAL OR VETERINARY SCIENCE HYGIENE,"['Medicine', 'Biology', 'Veterinary Medicine']",MAZOR ROBOTICS LTD [IL],,Company - Limited,Unknown,9,28000,"['US6322567B1', 'US2010131099A1', 'US2010240989A1', 'US2016302871A1', 'US2017156808A1', 'US2018021102A1']","['A61B19', 'A61B17', 'A61B17', 'G06F7', 'G06F7', 'G08B21', 'A61B5', 'A61B19', 'A61B5', 'A61B6', 'A61B6', 'A61B6', 'A61B6', 'A61B8', 'A61B34', 'A61B34', 'A61B46', 'A61B90', 'A61B34', 'A61B1', 'A61B5', 'A61B5', 'A61B5', 'A61B5', 'A61B6', 'A61B6', 'A61B6', 'A61B90']"
6,System And Method For Arranging Objects In An Operating Room In Preparation For Surgical Procedures,"MOCTEZUMA DE LA BARRERA JOSÉ LUIS [DE] 
MALACKOWSKI DONALD W [US]",STRYKER CORP [US],US2022044795A1,2013-03-13,"['A61B17/15', 'A61B17/17', 'A61B34/20', 'G16H40/40']","['A61B17/154 (US)', 'A61B17/17 (US)', 'A61B17/1742 (US)', 'A61B17/1764 (US)', 'A61B34/20 (EP,KR,US)', 'A61B90/37 (KR)', 'G16H40/40 (EP,KR,US)', 'A61B2034/105 (EP,KR,US)', 'A61B2034/107 (EP,KR,US)', 'A61B2034/2055 (EP,KR,US)', 'A61B2034/252 (EP,KR,US)']",2022-02-10,2014-09-18,50397326,2022-02-10,,US2022044795A1,,US,,2022,2013,US,"['AU', 'CA', 'CN', 'EP', 'JP', 'KR', 'US', 'WO']","['AU2014240998A1', 'AU2014240998B2', 'AU2018278930A1', 'AU2018278930B2', 'CA2897861A1', 'CN105025835A', 'CN105025835B', 'CN108175503A', 'CN108175503B', 'EP2996615A1', 'EP2996615B1', 'EP3459468A1', 'EP3459468B1', 'JP2016512073A', 'JP2018149321A', 'JP6442472B2', 'JP6538234B2', 'KR102101435B1', 'KR102274277B1', 'KR20150127032A', 'KR20200040315A', 'US10410746B2', 'US11183297B2', 'US2014276855A1', 'US2017239000A1', 'US2019304602A1', 'US2022044795A1', 'US9652591B2', 'WO2014159350A1']",MEDICAL OR VETERINARY SCIENCE HYGIENE,"['Medicine', 'Biology', 'Veterinary Medicine']",STRYKER CORP [US],,Company - General,Unknown,12,33000,"['US5976156A', 'US7302288B1', 'US2012101508A1']","['A61B19', 'B25J9', 'B25J17', 'A61B17', 'A61B5', 'A61B19', 'G05B19']"
13,ROBOTIC TOOLS AND METHODS FOR OPERATING THE SAME,"MATSUOKA SHINTARO [JP] 
MIZOGUCHI HIRONORI [JP] 
DIANKOV ROSEN NIKOLAEV [JP]",MUJIN INC [JP],"US11981518B2 
US2022135346A1",2020-11-05,"['B65G47/91', 'B25J9/16', 'B65G47/00', 'B65G67/24']","['B25J11/00 (CN)', 'B25J15/00 (CN)', 'B25J9/1664 (US)', 'B65G47/917 (US)', 'B65G47/918 (US)', 'G06Q10/08 (EP)', 'B65G2203/0233 (US)', 'B65G2203/0283 (US)', 'B65G2203/0291 (US)', 'B65G2203/041 (US)', 'B65G67/24 (US)']","2022-05-05 
2024-05-14",2022-05-05,81380684,2022-05-05,2024-05-14,US11981518B2,"
US2022135346A1",US,"
",2022,2020,JP,"['CN', 'JP', 'US', 'WO']","['CN114683299A', 'CN114683299B', 'CN114746224A', 'JP2022550502A', 'JP2023018122A', 'JP7191354B2', 'US11981518B2', 'US12280967B2', 'US2022135346A1', 'US2025026589A1', 'WO2022098706A1']",CONVEYING PACKING STORING HANDLING THIN OR FILAMENTARY MATERIAL,"['Logistics', 'Engineering', 'Materials Science']",MUJIN INC [JP],,Company - Incorporated/Corporation,Unknown,5,28000,"['JPH05127722A', 'JPH08174389A', 'JP2006309577A', 'US2007282475A1', 'US2016221187A1', 'US2018178379A1', 'CN108241336A', 'JP6444971B2', 'US2019321980A1', 'CN110494258A', 'US2019359424A1', 'US2020030977A1', 'CN111699501A', 'JP2022507355A', 'US2013233116A1', 'US11420329B2', 'US11494575B2']","['B25J13', 'G05B19', 'G06T1', 'G06T7', 'G06T7', 'B23Q15', 'B23Q41', 'B65G61', 'G05B19', 'G06Q50', 'G06Q50', 'G05B19', 'G06Q50', 'G06Q50', 'G06F19', 'B25J9', 'B25J9', 'B25J19', 'B25J9', 'G05B19', 'G05B19', 'G06Q50', 'B25J9', 'B25J9', 'G05B19', 'B25J9', 'B25J13', 'B65G1', 'G06Q10', 'G08C17', 'B25J9', 'B65G47', 'B25J9', 'B65G61', 'B65G67', 'G06Q10', 'G06Q10', 'B25J15', 'G06Q10', 'B25J18', 'B07C3', 'B07C5', 'B25J9', 'B25J9', 'B25J19', 'G05B19', 'B07C5', 'B25J9', 'B25J9', 'B25J19', 'B65G1', 'G05B19', 'G05B19', 'G06K7', 'G06K7', 'G06K19', 'G06Q10', 'G06V20', 'G06V40']"
2,SYSTEM FOR IMAGE-BASED ROBOTIC SURGERY,JENSEN VERNON [US],MAKO SURGICAL CORP [US],"US2016128788A1 
US9615889B2",2011-12-30,"['A61B34/20', 'A61B34/30', 'A61B6/00', 'A61B6/12', 'A61B5/05', 'A61B90/00']","['A61B34/00 (US)', 'A61B34/20 (EP,US)', 'A61B34/30 (EP,US)', 'A61B6/12 (EP,CN,US)', 'A61B6/4405 (EP,CN,US)', 'A61B6/4441 (EP,CN,US)', 'A61B6/4452 (EP,CN,US)', 'A61B6/4458 (EP,CN,US)', 'A61B6/487 (EP,CN,US)', 'A61B90/37 (US)', 'A61B2034/2051 (EP,US)', 'A61B2034/2055 (EP,US)', 'A61B2034/2059 (EP,US)', 'A61B2034/2061 (EP,US)', 'A61B2090/371 (US)', 'A61B2090/376 (EP,US)', 'A61B6/4464 (EP,CN,US)']","2016-05-12 
2017-04-11",2013-07-04,47521189,2016-05-12,2017-04-11,US2016128788A1,"
US9615889B2",US,"
",2016,2011,US,"['CA', 'CN', 'EP', 'ES', 'US', 'WO']","['CA2862402A1', 'CA2862402C', 'CN104185446A', 'CN104185446B', 'CN106923903A', 'CN106923903B', 'EP2797510A1', 'EP2797510B1', 'EP3028635A1', 'EP3028635B1', 'EP3323346A1', 'EP3323346B1', 'ES2648762T3', 'US10136948B2', 'US2013211419A1', 'US2016128788A1', 'US2017209217A1', 'US9259278B2', 'US9615889B2', 'WO2013101917A1']",MEDICAL OR VETERINARY SCIENCE HYGIENE,"['Medicine', 'Biology', 'Veterinary Medicine']",MAKO SURGICAL CORP [US],,Company - General,Unknown,14,33000,"['US6131690A', 'US2002090058A1', 'US2002138904A1', 'US2003120283A1', 'US2004131150A1', 'US2005054915A1', 'US2005171396A1', 'US2005207526A1', 'US2007023669A1', 'US2008125649A1', 'US8252049B2', 'US8315691B2', 'US8442621B2']","['A61B6', 'B62D7', 'B62D11', 'A61B6', 'A61B6', 'A61B6', 'A61B6', 'A61G7', 'A61G7', 'B25J13', 'A61B6', 'A61B19', 'A61N5', 'A61B6', 'A61B6', 'A61N5', 'A61N5', 'A61B6', 'A61B6', 'G01N23', 'G01T1', 'G21K1', 'H05G1', 'G01T1', 'H05G1', 'A61F2', 'A61B6', 'A61B5']"
50,ROBOTIC DEVICE FOR INSERTING OR REMOVING ROD-LIKE ELEMENTS,"MEYRAHN JOACHIM [DE] 
NIEDECKER FRANK [CH]","POLY CLIP SYSTEM GMBH & CO KG [DE] 
MEYRAHN JOACHIM [DE] 
NIEDECKER FRANK [CH]","US2011082584A1 
US8612048B2",2009-10-02,"['G05B19/04', 'G05B15/00', 'G05B19/18', 'G06F7/00']","['A22C15/001 (EP,US)', 'G05B19/4183 (EP,US)']","2011-04-07 
2013-12-17",2011-04-07,41693128,2011-04-07,2013-12-17,US2011082584A1,"
US8612048B2",US,"
",2011,2009,DE,"['BR', 'EP', 'ES', 'US']","['BRPI1010463A2', 'EP2309357A1', 'EP2309357B1', 'ES2392300T3', 'US2011082584A1', 'US8612048B2']",CONTROLLING REGULATING,"['Control Systems', 'Engineering']","POLY CLIP SYSTEM GMBH & CO KG [DE] ","MEYRAHN JOACHIM [DE] 
NIEDECKER FRANK [CH]",Company - General,Individual Inventor,16,36000,"['US5100364A', 'US6594544B2', 'US7249997B2', 'US7269479B2', 'US7766729B2', 'US5468110A', 'US7809470B2', 'US2005242953A1', 'US2006043197A1', 'US7614942B2']","['A22C15', 'B25J9', 'B25J9', 'G05B19', 'A22C11', 'A22C15', 'B25J13', 'B25J13', 'A22C11', 'A61J7', 'B65G1', 'B65G47', 'G07F11', 'A61J1', 'G06F17', 'B65G61', 'G05B19', 'G06K7', 'G06K17', 'G06K19', 'G06K19', 'G09F3', 'G05B19', 'G06K19', 'G08B13', 'G08B23', 'A22C15']"
29,ROBOTIC OPERATING TABLE,"YANO YUTARO [JP] 
TAMURA YOSHIYUKI [JP] 
KITANO YUKIHIKO [JP] 
HIRATSUKA MITSUICHI [JP] 
KITATSUJI HIROAKI [JP]","MEDICAROID CORP [JP] 
KAWASAKI HEAVY IND LTD [JP]","US11045376B2 
US2018243150A1",2017-02-28,"['A61B5/055', 'A61B6/04', 'A61G13/04', 'A61G13/06', 'A61B34/30', 'A61B5/00', 'A61B6/00', 'A61G13/10', 'A61B5/055']","['A61B34/30 (US)', 'A61B6/0407 (EP,US)', 'A61B6/0487 (EP,US)', 'A61G13/04 (EP,US)', 'A61G13/06 (EP,US)', 'A61G13/104 (EP,US)', 'A61B5/0036 (EP,US)', 'A61B5/055 (EP,US)', 'A61B6/4441 (EP,US)', 'A61G2203/12 (EP,US)', 'A61G2203/14 (EP,US)', 'A61G2203/20 (EP,US)', 'A61G2203/42 (US)', 'A61G2210/50 (EP,US)']","2018-08-30 
2021-06-29",2018-08-30,63245532,2018-08-30,2021-06-29,US11045376B2,"
US2018243150A1",US,"
",2018,2017,JP,"['JP', 'US']","['JP2018140166A', 'JP6488033B2', 'US11045376B2', 'US2018243150A1']",MEDICAL OR VETERINARY SCIENCE HYGIENE,"['Medicine', 'Biology', 'Veterinary Medicine']","MEDICAROID CORP [JP] ",KAWASAKI HEAVY IND LTD [JP],Company - General,Company - Limited,8,28000,"['US7669261B2', 'US7860550B2', 'US8126114B2', 'US8160205B2', 'US9326907B2', 'US2015000038A1', 'EP1028684B1', 'JP2014100301A', 'JP2016054860A', 'US2005166413A1', 'US2007101500A1', 'US2009003532A1', 'US2010237257A1', 'US2011187875A1', 'US2012035462A1', 'US2018243150A1', 'US2018325610A1']","['A61G13', 'A61B5', 'A61B6', 'A61B6', 'A61N5', 'A61B19', 'A61N5', 'A61B5', 'A61B6', 'A61B6', 'A61N5', 'B66C23', 'G21K5', 'A61B6', 'A61B6', 'A61G7', 'A61B6', 'A61G7', 'A61G7', 'A61B6', 'A61G13', 'A47C20', 'A61F7', 'A61G12', 'A61G13', 'A61G13', 'A61G13', 'A61G13', 'A61G13', 'G08B3', 'G08B5', 'G10L19', 'G10L25', 'G16H20', 'G16H40', 'H04M11', 'H04W4', 'H04W68', 'H04W84', 'H04W88', 'A61F7', 'A61G1', 'A61G5', 'A61G7', 'A61G7', 'A61G7', 'A61B6', 'A61B6', 'A61B6', 'A61G13', 'A61G13', 'B25J13', 'G01B5', 'G01B11', 'A61G7', 'A61B6', 'A61B6', 'A61B5', 'A61B6', 'A61N5', 'G05B15', 'H04N5', 'A61B5', 'A61B6', 'A61B8', 'A61B8', 'A61B5', 'A61B6', 'A61G13', 'A61G13', 'A61B5', 'A61B34', 'A61B90', 'A61B90', 'G06T7']"
3,SYSTEM AND METHOD FOR A ROBOTIC MANIPULATOR SYSTEM,"MARTIN SCOTT [US] 
LINNEBUR PAUL [US] 
ROOD MARC [US] 
COLE MATT DENVER [US]","KURION INC [US] 
VEOLIA NUCLEAR SOLUTIONS INC [US]","US11192265B2 
US2019329426A1",2016-05-16,"['B25J13/08', 'B25J18/02', 'B25J9/00', 'B25J9/04', 'B25J9/16']","['B25J13/086 (EP,US)', 'B25J13/088 (EP,US)', 'B25J18/025 (EP,US)', 'B25J9/0018 (EP,US)', 'B25J9/045 (EP,US)', 'B25J9/1676 (EP,US)', 'G05B2219/39226 (EP,US)']","2019-10-31 
2021-12-07",2017-11-16,60297334,2019-10-31,2021-12-07,US11192265B2,"
US2019329426A1",US,"
",2019,2016,US,"['EP', 'JP', 'US']","['EP3266571A2', 'EP3266571A3', 'EP3266571B1', 'EP3581344A1', 'EP3581344B1', 'EP3970924A1', 'EP3970924B1', 'JP2017209781A', 'JP2022036252A', 'JP7019919B2', 'US10384353B2', 'US11192265B2', 'US11571821B2', 'US2017326737A1', 'US2019329426A1', 'US2022048209A1']",HAND TOOLS PORTABLE POWER-DRIVEN TOOLS MANIPULATORS,"['Engineering', 'Robotics']","KURION INC [US] ",VEOLIA NUCLEAR SOLUTIONS INC [US],Company - Incorporated/Corporation,Company - Incorporated/Corporation,9,28000,"['US4523884A', 'US4606695A', 'JPH02271140A', 'US5040427A', 'US5155423A', 'US5155426A', 'US5762467A', 'US2001045807A1', 'US2002007997A1', 'US6645196B1', 'US2005053909A1', 'US2012221274A1', 'WO2013164622A1', 'US2014276950A1', 'US2015367507A1', 'US2016176044A1', 'US2017120442A1', 'US2017316844A1', 'US2004128026A1', 'US2006142657A1', 'US7725162B2', 'US2010153076A1', 'US2014276943A1', 'US2015185846A1', 'US2016338782A1', 'US2016343273A1', 'US2017150975A1']","['B25J3', 'B25J5', 'B25J18', 'B25J19', 'B25J21', 'G21F7', 'B25J9', 'B25J9', 'B25J17', 'B25J19', 'F16H13', 'F16H13', 'B23Q5', 'F16H19', 'B25J9', 'B25J9', 'B25J9', 'B25J9', 'B25J17', 'G05D1', 'B25J18', 'B25J9', 'F16D21', 'F16D25', 'F16D25', 'A61B19', 'A63H11', 'A63H17', 'A63H30', 'A63H33', 'B25J9', 'G05B19', 'G05B19', 'G05D1', 'G09B25', 'G06F19', 'G01P21', 'B25J9', 'B25J13', 'A61B19', 'B25J9', 'B25J9', 'B25J11', 'B25J15', 'F16M13', 'B25J9', 'B25J9', 'B25J9', 'B25J19', 'B25J9', 'B08B5', 'B08B9', 'B08B9', 'G05B19', 'G05B19', 'G21F9', 'G21F9', 'A61B19', 'B25J9', 'B25J9', 'A61B5', 'G16Z99', 'A61B17', 'A61B19', 'G08C17', 'G08C21', 'G08C23', 'G06F17', 'G06G7', 'G16Z99', 'G16H20', 'G16H30', 'A61B19', 'G06F3', 'G06T7', 'G06T15', 'G16H20', 'G16H30', 'A61B17', 'A61B34', 'A61B34', 'A61B34', 'A61B34', 'A61B90', 'A61B17', 'A61B34', 'A61B34', 'G09B23', 'A61B17', 'A61B34', 'F16H25']"
41,ROBOTIC MOWER BOUNDARY DETECTION SYSTEM,"ACKERMAN CHAD A [US] 
OGDEN NATHAN [US] 
SPRABERY BRITTANY [US] 
HELTSLEY BLAKE [US] 
FELTES PATRICK [US] 
TRASK AARON [US] 
MORAN MARK D [US]",DEERE & CO [US],"US11480973B2 
US2021018927A1",2019-07-15,"['A01D34/00', 'G05D1/02', 'A01D101/00']","['A01D34/008 (US)', 'G05D1/0221 (EP)', 'G05D1/0246 (EP,US)', 'G05D1/0268 (US)', 'G05D1/0278 (US)', 'A01D2101/00 (US)']","2021-01-21 
2022-10-25",2021-01-20,71143521,2021-01-21,2022-10-25,US11480973B2,"
US2021018927A1",US,"
",2021,2019,US,"['EP', 'US']","['EP3767420A1', 'US11480973B2', 'US2021018927A1']",AGRICULTURE FORESTRY ANIMAL HUSBANDRY HUNTING TRAPPING FISHING,"['Environmental Science', 'Biology', 'Engineering']",DEERE & CO [US],,Company - General,Unknown,6,28000,"['US2011153136A1', 'US2011295423A1', 'US8731295B2', 'EP3018548A1', 'US2016308954A1', 'WO2017008523A1', 'US2017364088A1', 'US10091930B2', 'EP3508937A1', 'US8706297B2', 'US2016129593A1', 'US2016165795A1', 'US10853882B1']","['G01C21', 'G05D1', 'G06F7', 'G06K9', 'H04N7', 'G05B19', 'G05D1', 'G06V10', 'H04N23', 'G05D1', 'G06F17', 'H04L29', 'H04W4', 'A01D34', 'A01D43', 'A01D43', 'G05B19', 'A01D34', 'G05D1', 'A01D101', 'A01D34', 'B25J5', 'G05B15', 'G05B19', 'G05D1', 'G05D1', 'G05D1', 'G06K9', 'G06F19', 'B25J5', 'B25J9', 'B25J9', 'A01D34', 'G01S19', 'G05D1', 'G05D1', 'G06K9', 'G06K9', 'G06Q40', 'G06T5', 'G06T7']"
48,ROBOTIC SYSTEM WITH COORDINATION MECHANISM AND METHODS OF OPERATING THE SAME,"DIANKOV ROSEN NIKOLAEV [JP] 
ARASE ISAMU [JP] 
TENDO SATOSHI [JP] 
LIU HUAN [JP] 
GUPTA SHEKHAR [JP] 
ZHOU ZIYAN [JP] 
ZHENG XUMING [JP]",MUJIN INC [JP],"US10953544B2 
US2020223066A1",2019-01-14,"['B25J9/16', 'G05B19/418']","['B25J9/1602 (CN)', 'B25J9/161 (US)', 'B25J9/1661 (US)', 'B25J9/1664 (US)', 'B25J9/1679 (EP,CN,US)', 'G06Q10/08 (EP)', 'G06Q10/083 (EP)', 'G06Q10/087 (EP)', 'G05B2219/40006 (EP)', 'G05B2219/45047 (EP)', 'G05B2219/45048 (EP)', 'G05B2219/45056 (EP)']","2020-07-16 
2021-03-23",2020-07-16,71516289,2020-07-16,2021-03-23,US10953544B2,"
US2020223066A1",US,"
",2020,2019,JP,"['CN', 'DE', 'JP', 'US', 'WO']","['CN111434470A', 'CN111699501A', 'CN111730603A', 'CN111730603B', 'CN111823226A', 'CN111823226B', 'DE102020100610A1', 'DE112020000009T5', 'JP2020111467A', 'JP2020121887A', 'JP2021104900A', 'JP2021508605A', 'JP2024133556A', 'JP6738112B2', 'JP6852938B2', 'US10953544B2', 'US11046518B2', 'US11905116B2', 'US2020223066A1', 'US2020223634A1', 'US2021170596A1', 'US2021339955A1', 'US2025018569A1', 'WO2020150106A1']",HAND TOOLS PORTABLE POWER-DRIVEN TOOLS MANIPULATORS,"['Engineering', 'Robotics']",MUJIN INC [JP],,Company - Incorporated/Corporation,Unknown,6,28000,"['JPH0291713U', 'US2010312388A1', 'US9428336B2', 'US2017158430A1', 'US2017278047A1', 'JP2018507829A', 'JP2018520957A', 'JP2018126273A', 'JP2018150124A', 'US10108185B1', 'US10442607B2', 'US2020223634A1', 'US2008167884A1', 'US2016129592A1', 'US2016236867A1', 'US2016325933A1', 'US2016325934A1', 'US2016327941A1', 'US2017021502A1', 'US2017100837A1', 'US2017136632A1', 'US2017225330A1', 'US2017233188A1', 'US2018154399A1', 'US2018215541A1', 'US2018276604A1', 'US2019361672A1', 'US2020094997A1', 'US2020095063A1']","['B65G1', 'G05B19', 'B65G1', 'G07F11', 'B65G1', 'B65G1', 'B65G1', 'G05D1', 'G06Q10', 'B25J5', 'B65G1', 'G06Q10', 'B65D5', 'B65D5', 'B65D85', 'A47B55', 'B25J18', 'B65G1', 'B65G1', 'B65G1', 'G05B19', 'G06G7', 'B65D5', 'B65D85', 'B65G1', 'G06Q99', 'B25J9', 'B25J9', 'G05D1', 'G06Q10', 'B65G1', 'B65G1', 'B65G1', 'B25J9', 'G05B19', 'G05B19', 'B25J9', 'B25J5', 'B25J9', 'B25J19', 'B25J9', 'B25J19', 'B25J9', 'G05B19', 'B65G1', 'B65G1', 'B07C5', 'B07C5', 'B07C5', 'B25J9', 'B25J9', 'A47B49', 'B65G1', 'B65G17', 'B65G17', 'B65G41', 'G05B19', 'G05D1', 'G06Q10', 'B25J13', 'B25J15', 'B25J19', 'G06F7', 'B25J9', 'B65B5', 'B65B5', 'B65B35', 'B65B43', 'B65B43', 'B65B57', 'B25J9', 'B65G1', 'B65G1']"
4,DECENTRALIZED ROBOTIC OPERATING ENVIRONMENT OPTIMIZATION,"BORDIGNON MIRKO [DE] 
RUXTON ADAM NICHOLAS [US]",INTRINSIC INNOVATION LLC [US],US2022152816A1,2020-11-13,['B25J9/16'],"['B25J9/1671 (EP)', 'G05B19/4188 (US)', 'G05B2219/39451 (EP)', 'G05B2219/40518 (EP)']",2022-05-19,2022-05-19,81588161,2022-05-19,,US2022152816A1,,US,,2022,2020,US,"['US', 'WO']","['US2022152816A1', 'WO2022103573A1']",HAND TOOLS PORTABLE POWER-DRIVEN TOOLS MANIPULATORS,"['Engineering', 'Robotics']",INTRINSIC INNOVATION LLC [US],,Company - General,Unknown,5,28000,"['US2015190926A1', 'US9682476B1', 'US9811074B1', 'US2019321978A1', 'US2021086359A1', 'US2021138651A1', 'US2021308865A1', 'US11199853B1']","['B25J9', 'G05B19', 'G06F17', 'G05B19', 'B25J9', 'G06F19', 'B25J9', 'G05B19', 'G06N7', 'B25J9', 'B25J9', 'B25J9', 'B25J9', 'B25J5', 'B25J11', 'B25J13', 'G05D1']"
47,"ROBOTIC OPERATING TABLE, AND ROBOTIC OPERATING TABLE OPERATION DEVICE","YANO YUTARO [JP] 
TAMURA YOSHIYUKI [JP] 
MIZUMOTO TORU [JP] 
NAKAGAWA KENICHI [JP] 
SUZUKI YUUKI [JP] 
YOSHIOKA HIDETOSHI [JP] 
HIDAKA YUKO [JP] 
KAGEYAMA YUICHI [JP]","MEDICAROID CORP [JP] 
SYSMEX CORP [JP]","US11045375B2 
US2018243149A1",2017-02-28,"['A61G13/06', 'A61B5/055', 'A61G13/04', 'A61B5/00', 'A61B6/00', 'A61B6/04', 'A61G13/10']","['A61B5/0036 (EP,US)', 'A61B6/0487 (EP,US)', 'A61G13/04 (EP,US)', 'A61G13/06 (EP)', 'A61G13/104 (EP,US)', 'A61B5/055 (EP,US)', 'A61B6/4441 (EP,US)', 'A61G2203/12 (EP,US)', 'A61G2203/14 (EP,US)', 'A61G2203/20 (EP,US)', 'A61G2210/50 (EP,US)']","2018-08-30 
2021-06-29",2018-08-30,63245933,2018-08-30,2021-06-29,US11045375B2,"
US2018243149A1",US,"
",2018,2017,JP,"['JP', 'US']","['JP2018139798A', 'JP6568884B2', 'US11045375B2', 'US2018243149A1']",MEDICAL OR VETERINARY SCIENCE HYGIENE,"['Medicine', 'Biology', 'Veterinary Medicine']","MEDICAROID CORP [JP] ",SYSMEX CORP [JP],Company - General,Company - General,8,28000,"['US7669261B2', 'US7860550B2', 'US8126114B2', 'US8160205B2', 'US9326907B2', 'US2015000038A1', 'US2015327818A1', 'EP1028684B1', 'JPH05301182A', 'JPH0671584A', 'JP2001522648A', 'JP2009131599A', 'JP2009131718A', 'JP2009291281A', 'JP2014100301A', 'JP2014215799A', 'JP2016054860A', 'WO2013018908A1', 'US6302579B1', 'US2003195644A1', 'US2005228255A1', 'US2010299014A1', 'US2011004070A1', 'US2015201899A1']","['A61G13', 'A61B5', 'A61B6', 'A61B6', 'A61N5', 'A61B19', 'A61N5', 'A61B5', 'A61B6', 'A61B6', 'A61N5', 'B66C23', 'G21K5', 'A61B6', 'A61B6', 'A61G7', 'A61B6', 'A61G7', 'A61G7', 'A61B6', 'A61G13', 'A61B6', 'A61G13', 'A61G13', 'A47C20', 'A61F7', 'A61G12', 'A61G13', 'A61G13', 'A61G13', 'A61G13', 'A61G13', 'G08B3', 'G08B5', 'G10L19', 'G10L25', 'G16H20', 'G16H40', 'H04M11', 'H04W4', 'H04W68', 'H04W84', 'H04W88', 'A61F7', 'A61G1', 'A61G5', 'A61G7', 'A61G7', 'A61G7', 'B25J9', 'B25J13', 'G05B19', 'B25J17', 'A47C20', 'A61F7', 'A61G12', 'A61G13', 'A61G13', 'A61G13', 'A61G13', 'A61G13', 'G08B3', 'G08B5', 'G10L19', 'G10L25', 'G16H20', 'G16H40', 'H04M11', 'H04W4', 'H04W68', 'H04W84', 'H04W88', 'A61F7', 'A61G1', 'A61G5', 'A61G7', 'A61G7', 'A61G7', 'A47J27', 'A61N5', 'A61B5', 'A61B6', 'A61B6', 'A61B5', 'A61B6', 'A61B6', 'A61B6', 'A61B6', 'G06F3', 'G06F3', 'A61G13', 'A61G13', 'A61B19', 'A61B6', 'A61B5', 'A61B6', 'A61B6', 'G01N23', 'A47C20', 'A61G12', 'A61G13', 'A61G13', 'A61G13', 'A61G13', 'A61G13', 'A61B19', 'A61F7', 'A61G7', 'A61G7', 'A61B5', 'A61B6', 'A61B6', 'A61N5', 'G05D1', 'A61B5', 'G06F19', 'A61B6', 'A61B6']"
32,SYSTÈME ROBOTIQUE CHIRURGICAL,"GARCIA KILROY PABLO [US] 
KOENIG KAREN [US] 
BAJO ANDREA [US] 
WIGGERS ROBERT [US] 
SAVALL JOAN [US] 
JOHNSON ERIC [US]",VERB SURGICAL INC [US],WO2020092170A1,2018-11-02,"['A61B17/00', 'A61B34/00', 'A61B34/20', 'A61B34/30', 'A61B34/37']","['A61B34/30 (EP)', 'A61B34/37 (EP)', 'A61B34/74 (EP)', 'A61B90/50 (EP)', 'G06F3/012 (EP)', 'G06F3/013 (EP)', 'G16H20/40 (EP)', 'G16H40/63 (EP)', 'G16H80/00 (EP)', 'A61B2017/00216 (EP)', 'A61B2034/2051 (EP)', 'A61B2034/2055 (EP)', 'A61B34/25 (EP)', 'A61B90/30 (EP)', 'A61G13/00 (EP)']",2020-05-07,2020-05-07,70464129,2020-05-07,,WO2020092170A1,,WO,,2020,2018,US,"['CN', 'US', 'WO']","['CN111134849A', 'CN111134849B', 'US11812924B2', 'US12279843B2', 'US2020138534A1', 'US2024099795A1', 'WO2020092170A1']",MEDICAL OR VETERINARY SCIENCE HYGIENE,"['Medicine', 'Biology', 'Veterinary Medicine']",VERB SURGICAL INC [US],,Company - Incorporated/Corporation,Unknown,7,17000,"['WO2017210500A1', 'US2018078439A1', 'US2018078034A1', 'US2017354471A1', 'US2002087169A1', 'US2016338786A1', 'US2014058406A1']","['A61B34', 'A61B90', 'A61B34', 'A61B34', 'A61B90', 'A61G13', 'A47B21', 'A47B21', 'A47B21', 'A61B17', 'A61B34', 'A61B5', 'A61B17', 'A61B19', 'B25J3', 'B25J9', 'A61B5', 'A61B17', 'A61B17', 'A61B34', 'A61B34', 'A61B19']"
